{
  "id": "2035944",
  "name": "ronglian",
  "font_family": "iconfont",
  "css_prefix_text": "icon-",
  "description": "",
  "glyphs": [
    {
      "icon_id": "90513",
      "name": "15天无理由退货",
      "font_class": "15tianwuliyoutuihuo",
      "unicode": "e609",
      "unicode_decimal": 58889
    },
    {
      "icon_id": "448700",
      "name": "location",
      "font_class": "location",
      "unicode": "e623",
      "unicode_decimal": 58915
    },
    {
      "icon_id": "700805",
      "name": "顶部",
      "font_class": "dingbu",
      "unicode": "e62c",
      "unicode_decimal": 58924
    },
    {
      "icon_id": "880429",
      "name": "扳手",
      "font_class": "editor2",
      "unicode": "e62e",
      "unicode_decimal": 58926
    },
    {
      "icon_id": "881589",
      "name": "7",
      "font_class": "7",
      "unicode": "e600",
      "unicode_decimal": 58880
    },
    {
      "icon_id": "978354",
      "name": "微信",
      "font_class": "gongzhonghao",
      "unicode": "e63e",
      "unicode_decimal": 58942
    },
    {
      "icon_id": "1037684",
      "name": "手机",
      "font_class": "shouji",
      "unicode": "e620",
      "unicode_decimal": 58912
    },
    {
      "icon_id": "2019097",
      "name": "客服",
      "font_class": "kefu",
      "unicode": "e7c2",
      "unicode_decimal": 59330
    },
    {
      "icon_id": "2559431",
      "name": "用户",
      "font_class": "yonghu",
      "unicode": "e6b3",
      "unicode_decimal": 59059
    },
    {
      "icon_id": "5127339",
      "name": "gift",
      "font_class": "gift",
      "unicode": "e795",
      "unicode_decimal": 59285
    },
    {
      "icon_id": "6756291",
      "name": "微博",
      "font_class": "weibo",
      "unicode": "e60b",
      "unicode_decimal": 58891
    },
    {
      "icon_id": "7549836",
      "name": "对话",
      "font_class": "RectangleCopy",
      "unicode": "e6a9",
      "unicode_decimal": 59049
    },
    {
      "icon_id": "7938415",
      "name": "方向圆箭头-向右",
      "font_class": "fangxiangyuanjiantou-xiangyou",
      "unicode": "e617",
      "unicode_decimal": 58903
    },
    {
      "icon_id": "7938416",
      "name": "方向圆箭头-向上",
      "font_class": "fangxiangyuanjiantou-xiangshang",
      "unicode": "e618",
      "unicode_decimal": 58904
    },
    {
      "icon_id": "7938417",
      "name": "方向圆箭头-向下",
      "font_class": "fangxiangyuanjiantou-xiangxia",
      "unicode": "e619",
      "unicode_decimal": 58905
    },
    {
      "icon_id": "7938419",
      "name": "方向圆箭头-向左",
      "font_class": "fangxiangyuanjiantou-xiangzuo",
      "unicode": "e61a",
      "unicode_decimal": 58906
    },
    {
      "icon_id": "112286",
      "name": "人民币",
      "font_class": "rmb",
      "unicode": "e61f",
      "unicode_decimal": 58911
    },
    {
      "icon_id": "614834",
      "name": "24_话费",
      "font_class": "24huafei",
      "unicode": "e66f",
      "unicode_decimal": 58991
    },
    {
      "icon_id": "1232443",
      "name": "sim卡",
      "font_class": "simqia",
      "unicode": "e728",
      "unicode_decimal": 59176
    },
    {
      "icon_id": "5622273",
      "name": "钟表",
      "font_class": "zhongbiao",
      "unicode": "e608",
      "unicode_decimal": 58888
    },
    {
      "icon_id": "15323496",
      "name": "F_round_字母f",
      "font_class": "F_round",
      "unicode": "e632",
      "unicode_decimal": 58930
    },
    {
      "icon_id": "16483296",
      "name": "企业",
      "font_class": "icon_xinyong_xianxing_jijin-154",
      "unicode": "e64c",
      "unicode_decimal": 58956
    },
    {
      "icon_id": "10707252",
      "name": "箭头 右 right",
      "font_class": "jiantouyou",
      "unicode": "e61b",
      "unicode_decimal": 58907
    },
    {
      "icon_id": "10707278",
      "name": "箭头 左 left",
      "font_class": "jiantouzuo",
      "unicode": "e61c",
      "unicode_decimal": 58908
    },
    {
      "icon_id": "10664706",
      "name": "搜索 search",
      "font_class": "search",
      "unicode": "e607",
      "unicode_decimal": 58887
    },
    {
      "icon_id": "653953",
      "name": "购物车",
      "font_class": "gouwuche",
      "unicode": "e602",
      "unicode_decimal": 58882
    },
    {
      "icon_id": "1133733",
      "name": "购物车",
      "font_class": "icon4",
      "unicode": "e605",
      "unicode_decimal": 58885
    },
    {
      "icon_id": "1517749",
      "name": "购物车",
      "font_class": "gouwuche1",
      "unicode": "e656",
      "unicode_decimal": 58966
    },
    {
      "icon_id": "1638197",
      "name": "购物车",
      "font_class": "gouwuche2",
      "unicode": "e60c",
      "unicode_decimal": 58892
    },
    {
      "icon_id": "9448522",
      "name": "购物车",
      "font_class": "gouwuche3",
      "unicode": "e606",
      "unicode_decimal": 58886
    },
    {
      "icon_id": "10026290",
      "name": "购物车",
      "font_class": "gouwuchezhengpin",
      "unicode": "e610",
      "unicode_decimal": 58896
    },
    {
      "icon_id": "12687176",
      "name": "购物车",
      "font_class": "icon-",
      "unicode": "e661",
      "unicode_decimal": 58977
    },
    {
      "icon_id": "13371263",
      "name": "购物车",
      "font_class": "gouwuche4",
      "unicode": "e61d",
      "unicode_decimal": 58909
    },
    {
      "icon_id": "129303",
      "name": "eye",
      "font_class": "eye",
      "unicode": "e8e1",
      "unicode_decimal": 59617
    },
    {
      "icon_id": "8078262",
      "name": "eyes_close",
      "font_class": "eyes_close",
      "unicode": "e60a",
      "unicode_decimal": 58890
    },
    {
      "icon_id": "1311730",
      "name": "angle-down",
      "font_class": "angle-down",
      "unicode": "e603",
      "unicode_decimal": 58883
    },
    {
      "icon_id": "1311734",
      "name": "angle-right",
      "font_class": "angle-right",
      "unicode": "e604",
      "unicode_decimal": 58884
    },
    {
      "icon_id": "1323278",
      "name": "广告流量",
      "font_class": "liuliangquan",
      "unicode": "e611",
      "unicode_decimal": 58897
    },
    {
      "icon_id": "4195151",
      "name": "短信",
      "font_class": "login_duanxin",
      "unicode": "e680",
      "unicode_decimal": 59008
    },
    {
      "icon_id": "5037173",
      "name": "语音",
      "font_class": "yuyin",
      "unicode": "e61e",
      "unicode_decimal": 58910
    },
    {
      "icon_id": "12399680",
      "name": "资源 38",
      "font_class": "ziyuan",
      "unicode": "eeb3",
      "unicode_decimal": 61107
    }
  ]
}
